{
    "lead, Env1 Atk": {
        "mean": 0.12624192432044667,
        "std": 0.08060130875702202
    },
    "lead, Env1 Dec": {
        "mean": 0.47445503685702667,
        "std": 0.07296743148345679
    },
    "lead, Env1 Hold": {
        "mean": 0.0067266714362863534,
        "std": 0.043867323435811484
    },
    "lead, Env1 Sus": {
        "mean": 0.8093555346131325,
        "std": 0.34200592066608876
    },
    "lead, Env1 Rel": {
        "mean": 0.28579796652527567,
        "std": 0.11341935823416995
    },
    "keys, Env1 Atk": {
        "mean": 0.13791296051608193,
        "std": 0.06728440863186773
    },
    "keys, Env1 Dec": {
        "mean": 0.5152331885916216,
        "std": 0.113648075342469
    },
    "keys, Env1 Hold": {
        "mean": 0.013023053985778932,
        "std": 0.06559881846935185
    },
    "keys, Env1 Sus": {
        "mean": 0.5882346403819544,
        "std": 0.4253923935146788
    },
    "keys, Env1 Rel": {
        "mean": 0.35703783440921044,
        "std": 0.13067123096228503
    },
    "pad, Env1 Atk": {
        "mean": 0.3186324452742552,
        "std": 0.134322371823495
    },
    "pad, Env1 Dec": {
        "mean": 0.489046736405446,
        "std": 0.08463449670581497
    },
    "pad, Env1 Hold": {
        "mean": 0.0006747628347231791,
        "std": 0.0023374470255994946
    },
    "pad, Env1 Sus": {
        "mean": 0.9409599701563517,
        "std": 0.1131834692812669
    },
    "pad, Env1 Rel": {
        "mean": 0.39057983706394833,
        "std": 0.15687665280281624
    },
    "pluck, Env1 Atk": {
        "mean": 0.1060614285572451,
        "std": 0.05683169068770618
    },
    "pluck, Env1 Dec": {
        "mean": 0.45641900568592303,
        "std": 0.05625198155738384
    },
    "pluck, Env1 Hold": {
        "mean": 0.00969917570449868,
        "std": 0.05028230002109966
    },
    "pluck, Env1 Sus": {
        "mean": 0.4343362476955466,
        "std": 0.40599609043909074
    },
    "pluck, Env1 Rel": {
        "mean": 0.3459846469111183,
        "std": 0.13612022751192088
    },
    "synth, Env1 Atk": {
        "mean": 0.15472566263108958,
        "std": 0.09139192541855669
    },
    "synth, Env1 Dec": {
        "mean": 0.49145373457767927,
        "std": 0.08982487524292355
    },
    "synth, Env1 Hold": {
        "mean": 0.03437797749628786,
        "std": 0.11208144798469147
    },
    "synth, Env1 Sus": {
        "mean": 0.7949546912654502,
        "std": 0.31538298171096174
    },
    "synth, Env1 Rel": {
        "mean": 0.3726286861251612,
        "std": 0.14085633772716208
    },
    "vox, Env1 Atk": {
        "mean": 0.15424207684894403,
        "std": 0.11305518275276931
    },
    "vox, Env1 Dec": {
        "mean": 0.4647338901956876,
        "std": 0.07470414911898125
    },
    "vox, Env1 Hold": {
        "mean": 0.03070702652136485,
        "std": 0.10195718037271154
    },
    "vox, Env1 Sus": {
        "mean": 0.5959795380632082,
        "std": 0.46237036724047753
    },
    "vox, Env1 Rel": {
        "mean": 0.31019784982005755,
        "std": 0.11875102243922336
    }
}