{
    "lead": {
        "a1": 0.8083327310074787,
        "a2": 1.2437648270384765,
        "d1": 769.2199711747971,
        "d2": 769.484732937944,
        "h1": 0,
        "h2": 0.010396904794819094,
        "s1": 0.12534369328095496,
        "s2": 1,
        "r1": 59.81506773952461,
        "r2": 62.21747093853806
    },
    "keys": {
        "a1": 1.5082661441730045,
        "a2": 1.684781368193593,
        "d1": 1160.6876482545981,
        "d2": 1163.1143723137166,
        "h1": 0,
        "h2": 0.07775476590828409,
        "s1": 0,
        "s2": 1,
        "r1": 183.22295074750497,
        "r2": 188.09946930404493
    },
    "pad": {
        "a1": 102.30085625537671,
        "a2": 107.89781014291114,
        "d1": 894.8844230698083,
        "d2": 895.4402595534751,
        "h1": 0,
        "h2": 4.470169118281148e-09,
        "s1": 0.7145930315938179,
        "s2": 1,
        "r1": 284.7891468274241,
        "r2": 296.95105001123676
    },
    "pluck": {
        "a1": 0.391531354200657,
        "a2": 0.46741756187997296,
        "d1": 633.7878085768136,
        "d2": 633.8599025728233,
        "h1": 0,
        "h2": 0.020573758385448806,
        "s1": 0,
        "s2": 1,
        "r1": 155.6569814852264,
        "r2": 161.6386632092693
    },
    "synth": {
        "a1": 2.429613612470002,
        "a2": 3.245724374106335,
        "d1": 917.0351294775961,
        "d2": 917.7836316809249,
        "h1": 0,
        "h2": 1.1335423330781123,
        "s1": 0.16418872784352667,
        "s2": 1,
        "r1": 226.34735441567713,
        "r2": 233.44463430160013
    },
    "vox": {
        "a1": 1.6115600040269573,
        "a2": 3.975640997780534,
        "d1": 693.5511036104758,
        "d2": 693.8489097090392,
        "h1": 0,
        "h2": 0.7060034325205302,
        "s1": 0,
        "s2": 1,
        "r1": 90.39465019396049,
        "r2": 93.41736210567585
    }
}