{
    "lead": {
        "Env1 Atk": {
            "mean": 0.10999999940395355,
            "std": 0.0
        },
        "Env1 Dec": {
            "mean": 0.5,
            "std": 0.0
        },
        "Env1 Hold": {
            "mean": 0.0,
            "std": 0.0
        },
        "Env1 Sus": {
            "mean": 1.0,
            "std": 0.0
        },
        "Env1 Rel": {
            "mean": 0.4211403727531433,
            "std": 0.0
        }
    },
    "keys": {
        "Env1 Atk": {
            "mean": 0.10999999940395355,
            "std": 0.0
        },
        "Env1 Dec": {
            "mean": 0.5,
            "std": 0.0
        },
        "Env1 Hold": {
            "mean": 0.0,
            "std": 0.0
        },
        "Env1 Sus": {
            "mean": 1.0,
            "std": 0.0
        },
        "Env1 Rel": {
            "mean": 0.4211403727531433,
            "std": 0.0
        }
    },
    "pad": {
        "Env1 Atk": {
            "mean": 0.10999999940395355,
            "std": 0.0
        },
        "Env1 Dec": {
            "mean": 0.5,
            "std": 0.0
        },
        "Env1 Hold": {
            "mean": 0.0,
            "std": 0.0
        },
        "Env1 Sus": {
            "mean": 1.0,
            "std": 0.0
        },
        "Env1 Rel": {
            "mean": 0.4211403727531433,
            "std": 0.0
        }
    },
    "pluck": {
        "Env1 Atk": {
            "mean": 0.10999999940395355,
            "std": 0.0
        },
        "Env1 Dec": {
            "mean": 0.5,
            "std": 0.0
        },
        "Env1 Hold": {
            "mean": 0.0,
            "std": 0.0
        },
        "Env1 Sus": {
            "mean": 1.0,
            "std": 0.0
        },
        "Env1 Rel": {
            "mean": 0.4211403727531433,
            "std": 0.0
        }
    },
    "synth": {
        "Env1 Atk": {
            "mean": 0.10999999940395355,
            "std": 0.0
        },
        "Env1 Dec": {
            "mean": 0.5,
            "std": 0.0
        },
        "Env1 Hold": {
            "mean": 0.0,
            "std": 0.0
        },
        "Env1 Sus": {
            "mean": 1.0,
            "std": 0.0
        },
        "Env1 Rel": {
            "mean": 0.4211403727531433,
            "std": 0.0
        }
    },
    "vox": {
        "Env1 Atk": {
            "mean": 0.10999999940395355,
            "std": 0.0
        },
        "Env1 Dec": {
            "mean": 0.5,
            "std": 0.0
        },
        "Env1 Hold": {
            "mean": 0.0,
            "std": 0.0
        },
        "Env1 Sus": {
            "mean": 1.0,
            "std": 0.0
        },
        "Env1 Rel": {
            "mean": 0.4211403727531433,
            "std": 0.0
        }
    }
}