{
    "Decay": {
        "old": 0.3499999940395355,
        "target": 0.13761210248420114,
        "actual": 0.13761210441589355
    }
}